<?xml version="1.0" encoding="UTF-8"?>
<beans xmlns="http://www.springframework.org/schema/beans"
	xmlns:xsi="http://www.w3.org/2001/XMLSchema-instance" xmlns:p="http://www.springframework.org/schema/p"
	xmlns:context="http://www.springframework.org/schema/context"
	xmlns:mvc="http://www.springframework.org/schema/mvc"
	xmlns:tx="http://www.springframework.org/schema/tx"
	xsi:schemaLocation="http://www.springframework.org/schema/beans
        http://www.springframework.org/schema/beans/spring-beans-3.2.xsd
        http://www.springframework.org/schema/context
        http://www.springframework.org/schema/context/spring-context-3.2.xsd
        http://www.springframework.org/schema/mvc
        http://www.springframework.org/schema/mvc/spring-mvc-3.2.xsd
        http://www.springframework.org/schema/tx
        http://www.springframework.org/schema/tx/spring-tx-4.0.xsd">
        
        <context:annotation-config></context:annotation-config>
        <context:component-scan base-package="net.pranav.shcm"></context:component-scan>
        <mvc:annotation-driven></mvc:annotation-driven>
        <context:property-placeholder location="classpath:database.properties"/>
        <tx:annotation-driven transaction-manager="hibernateTxnMngr"/>
        <bean id="viewResolver" class="org.springframework.web.servlet.view.InternalResourceViewResolver">
        	<property name="prefix" value="/WEB-INF/views/"></property>
        	<property name="suffix" value=".jsp"></property>
        </bean>
        <mvc:resources mapping="/resources/**" location="/resources/" cache-period="31556926"/>
        
        <bean class="org.springframework.jdbc.datasource.DriverManagerDataSource"
            id="dataSource">
            <property name="driverClassName" value="${database.driver}"></property>
            <property name="url" value="${database.url}"></property>
            <property name="username" value="${database.user}"></property>
            <property name="password" value="${database.password}"></property>
        </bean>
        <bean
            class="org.springframework.orm.hibernate4.LocalSessionFactoryBean"
            id="sessionFactory">
            <property name="dataSource" ref="dataSource"></property>
            <property name="annotatedClasses">
                <list>
                    <value>net.pranav.shcm.entities.Movies</value>
                    <value>net.pranav.shcm.entities.Actor</value>
                </list>
            </property>
            <property name="hibernateProperties">
                <props>
                    <prop key="hibernate.dialect">${hibernate.dialect}</prop>
                    <prop key="hibernate.show_sql">${hibernate.show_sql}</prop>
                    <prop key="hibernate.hbm2ddl.auto">${hibernate.hbm2ddl.auto}</prop>
                </props>
            </property>
        </bean>
        
        <bean class="org.springframework.orm.hibernate4.HibernateTransactionManager"
			id="hibernateTxnMngr">
			<property name="sessionFactory" ref="sessionFactory"></property>
		</bean>
        
</beans>